Sample_id,Type,ACE-N509-H10N2,ACP3-N220-H5N4S2F1,ACP3-N220-H6N5S2F3,ACP3-N333-H6N2,ACP3-N333-H8N2,ACP3-N94-H3N3F1,ACP3-N94-H4N3,ACP3-N94-H4N3F1,ACP3-N94-H5N4,ACP3-N94-H5N4F1,ACP3-N94-H5N4S1,ACP3-N94-H5N4S2,ACP3-N94-H5N5S2,ACP3-N94-H5N5S2F1,ACP3-N94-H6N5S3,ACP3-N94-H7N6S2,ADGRG2-N551-H9N2,AGRN-N135-H5N4S2,AGRN-N250-H3N2F2,AGRN-N250-H4N3S1F1,AGRN-N250-H4N3S1F2,AGRN-N250-H5N4F1+174.05,AGRN-N250-H5N4F4,AGRN-N250-H5N4S1,AGRN-N250-H5N4S2F2,AGRN-N932-H4N3S1F1,AGRN-N932-H5N4F2,AGRN-N932-H5N4S1,AGRN-N932-H5N4S1F1,ANGPT1-N122-H6N5F3,ANGPT1-N122-H6N5F4,BTD-N349-H6N5F4,C1QTNF1-N93-H5N4F3,CANT1-N88-H5N4F3,CHGB-N315-H5N3F2+204.06,CHGB-N315-H5N3F3+204.06,CHGB-N315-H5N4S1,CHGB-N315-H5N4S1F2,CHST11-N205-H6N5F4,CLU-N103-H10N7F1,CLU-N103-H10N9,CLU-N103-H10N9F1,CLU-N103-H11N7F2,CLU-N103-H4N6F2,CLU-N103-H5N3+242.02,CLU-N103-H5N4F1,CLU-N103-H5N4F1+174.05,CLU-N103-H5N4F2,CLU-N103-H5N4F2+163.09,CLU-N103-H5N4S1F1,CLU-N103-H5N4S2F1,CLU-N103-H5N5F4,CLU-N103-H6N5F1,CLU-N103-H6N5F3,CLU-N103-H6N5F4,CLU-N103-H6N5S1F1,CLU-N103-H6N5S1F3,CLU-N103-H6N5S2F1,CLU-N103-H6N5S2F2,CLU-N103-H6N5S2F3,CLU-N103-H6N5S3F1,CLU-N103-H6N6F3,CLU-N103-H7N5F3,CLU-N103-H7N5F4,CLU-N103-H7N6S1F4,CLU-N103-H7N6S1F5,CLU-N103-H8N6,CLU-N103-H8N7S1F1,CLU-N103-H9N6,CLU-N103-H9N7F4,CLU-N291-H4N3F1,CLU-N291-H4N3F3,CLU-N291-H4N3S1,CLU-N291-H5N2,CLU-N291-H5N3F3+203.08,CLU-N291-H5N3S1,CLU-N291-H5N4F1,CLU-N291-H6N2,CLU-N291-H6N3S1,CLU-N291-H6N4F3,CLU-N291-H6N5S3,CLU-N291-H7N2,CLU-N291-H7N4F1,CLU-N291-H7N4F2,CLU-N291-H7N6F6,CLU-N291-H9N6,CLU-N354-H3N3F2,CLU-N354-H4N2+163.04,CLU-N354-H4N2+190.04,CLU-N354-H4N3F2,CLU-N354-H5N3,CLU-N354-H5N3F2+162.05,CLU-N354-H5N3F3+204.06,CLU-N354-H5N3S1F1,CLU-N354-H5N4F1+174.05,CLU-N354-H5N4F2,CLU-N354-H5N4F2+163.09,CLU-N354-H5N4F2+202.05,CLU-N354-H5N4S1F2,CLU-N354-H5N8F1,CLU-N354-H6N2,CLU-N354-H6N3S1,CLU-N354-H6N3S1F1,CLU-N354-H6N4F1,CLU-N354-H6N4F3,CLU-N354-H6N5F1,CLU-N354-H6N5F3,CLU-N354-H6N5F4,CLU-N354-H6N5S1F3,CLU-N354-H7N4F3,CLU-N354-H7N5F2,CLU-N354-H8N5F4,CLU-N354-H9N6,CLU-N374-H10N7F1,CLU-N374-H10N9,CLU-N374-H10N9F1,CLU-N374-H11N10F1,CLU-N374-H11N7F2,CLU-N374-H12N11,CLU-N374-H4N3F2,CLU-N374-H4N5F2,CLU-N374-H4N5F4,CLU-N374-H5N3F3+203.07,CLU-N374-H5N4F1+174.05,CLU-N374-H5N4F2,CLU-N374-H5N4F2+202.05,CLU-N374-H5N4F3,CLU-N374-H5N4S2,CLU-N374-H5N5F4,CLU-N374-H5N6F4,CLU-N374-H6N5F3,CLU-N374-H6N5F4,CLU-N374-H6N5F6,CLU-N374-H6N5S1F2,CLU-N374-H6N5S1F3,CLU-N374-H6N5S1F4,CLU-N374-H6N5S2,CLU-N374-H6N5S2F2,CLU-N374-H6N5S2F4,CLU-N374-H6N5S3,CLU-N374-H6N6F4,CLU-N374-H7N6F2,CLU-N374-H7N6F3,CLU-N374-H7N6F5,CLU-N374-H7N6S1F4,CLU-N374-H7N6S1F6,CLU-N374-H8N6,CLU-N374-H8N7S1F6,CLU-N374-H8N8,CLU-N374-H9N6,CLU-N374-H9N7F1,CLU-N374-N1F1,CLU-N86-H10N7F1,CLU-N86-H10N7F2,CLU-N86-H10N9,CLU-N86-H11N7F2,CLU-N86-H11N8F1,CLU-N86-H5N4F2,CLU-N86-H5N4S2,CLU-N86-H5N6F5,CLU-N86-H6N5,CLU-N86-H6N5S1,CLU-N86-H6N5S2,CLU-N86-H6N5S2F5,CLU-N86-H6N6F5,CLU-N86-H6N6S3,CLU-N86-H7N6F3,CLU-N86-H7N8F1,CLU-N86-H8N7F1,CLU-N86-H8N7F2,CLU-N86-H8N7F5,CLU-N86-H9N5F4,CLU-N86-H9N6,CLU-N86-H9N7,CPE-N139-H5N3F2+162.05,CPE-N139-H6N3S1,CPE-N390-H5N4F3,CPZ-N57-H5N4F2,CPZ-N57-H5N4F5,CPZ-N57-H6N5F3,CPZ-N57-H7N6F5,CPZ-N57-H8N7,CTSC-N53-H6N5F4,CTSF-N367-H5N4F3,EFEMP2-N198-H5N4F4,FAM3B-N120-H5N4F3,FAM3D-N107-H5N4F4,FN1-N1007-H4N2+163.04,FN1-N1007-H4N2+190.04,FN1-N1007-H4N3F2,FN1-N1007-H4N4F1,FN1-N1007-H5N3
OA.1,AZS_C2,20.13091226,23.84765988,21.96551558,27.56972053,23.60757851,16.61062826,19.44502216,19.36237039,20.1204147,17.64837496,0,23.63675032,19.93667566,19.37967371,0,0,0,0,0,18.86764574,21.83246378,20.66900847,0,18.92616133,0,0,0,0,25.47394839,0,0,0,0,0,0,19.5129766,0,0,0,25.04107401,0,0,26.01720119,0,0,21.85730967,0,24.53394083,0,22.15529945,23.78665121,0,22.5742556,25.23416673,26.41489037,21.13566605,0,0,0,20.3625377,0,0,0,23.18980521,0,0,24.85907165,21.10960605,26.65495669,0,23.9905583,24.07450484,0,0,0,0,0,0,0,21.54756046,0,19.99073496,0,0,26.32645405,23.24125486,0,22.38853718,25.90113417,24.5875346,0,0,21.03958588,0,24.45833534,27.71113334,0,0,21.51481481,0,25.57051915,0,0,0,26.27909009,22.70329405,24.5864147,25.92302896,0,24.06580458,0,23.64240681,25.05055758,25.87778338,0,22.53915078,0,23.31365464,0,24.09472687,0,0,25.87738687,0,25.46552147,0,28.38936763,0,0,0,24.31860574,27.90550484,0,0,23.0665993,24.63596497,0,0,0,0,0,0,0,22.94047288,0,21.52702592,25.35379929,0,0,27.07238204,24.65041967,0,26.60181631,26.78565285,0,27.66924317,0,24.20434038,0,25.11274413,0,0,20.72013095,0,23.62675737,0,0,21.28126675,25.33926732,23.47395495,0,25.92325481,25.56109775,23.01523583,0,22.99512103,0,0,24.24150913,0,0,0,0,0,19.7772997,0,0,21.03679061,25.84846151,24.629704,24.02275055,0
OA.2,AZS_C2,0,24.77142433,23.85489257,28.06960225,23.79534301,17.42070036,20.0779935,20.01821379,20.42446157,19.05546876,22.80049928,0,20.05908522,0,20.66082846,20.17365969,0,0,18.97859978,0,20.84005944,21.06823495,0,0,23.52893496,0,18.60735049,20.16130001,25.52467168,0,0,0,0,0,0,0,0,0,0,22.03770315,0,0,22.52696686,0,0,0,0,24.98896021,0,21.52496123,0,22.85468706,22.79867236,24.99678047,26.68953759,20.87580231,25.16635189,25.17793396,0,0,0,0,21.69177934,0,0,0,0,0,22.90022292,0,23.4382221,23.79915633,0,0,0,20.00220309,24.58575149,20.0432672,21.70540141,22.8056144,0,20.23181512,0,0,25.74547598,23.8102799,0,0,25.41342662,25.03026513,0,0,0,0,25.08637349,27.11747673,0,0,0,0,24.97567755,0,0,0,25.1797044,23.96108796,24.771112,26.04118242,0,21.78844556,21.16970548,0,23.1103953,23.76573247,0,22.98520056,0,0,0,23.95715521,0,0,0,22.15871442,24.78426985,0,28.39393814,21.00307441,23.72969003,22.94931148,24.40739738,27.41770584,0,0,22.16129228,24.13351871,0,0,0,19.99598894,0,0,0,25.17003414,0,0,21.21448641,0,22.70046593,23.88051447,22.63726436,0,22.93248042,21.77148593,0,23.42386118,0,23.79015907,0,0,0,0,20.65370007,0,21.8910573,22.11421602,0,0,25.09804041,22.65494503,0,21.0201173,0,21.50407126,0,23.13691981,0,0,23.96108037,0,0,0,0,0,19.32576627,0,20.14284896,0,26.28863207,25.02457101,24.31341565,0
OA.3,AZS_C2,20.59934064,24.84002066,23.04846549,27.47520179,21.33259323,0,20.15374822,19.88091292,20.53228363,20.53270404,0,24.02354124,20.78657546,21.44061107,22.73857877,20.85483326,0,20.74500673,18.90377176,19.32808722,21.3532587,0,0,19.01105965,24.58706935,0,0,21.37889207,26.10113775,0,0,18.79397915,0,20.92240229,0,23.66059936,0,0,0,22.29441006,22.2843352,21.61270293,23.37916528,20.69387918,0,24.71771435,0,26.37583752,0,21.92668266,23.16773496,22.52736318,25.49042869,27.16513555,29.30441217,0,25.13362181,0,0,0,0,0,0,25.55118837,0,0,21.69059558,0,22.25227209,21.03298371,24.87880791,24.05724087,0,0,0,0,22.65741661,0,21.45216893,0,20.31218148,20.90528694,0,0,0,20.58904369,0,0,0,25.29156388,0,0,0,0,0,27.69187624,0,0,21.37326799,20.3168453,25.61898565,0,0,0,24.19792063,25.21055014,26.49175392,27.25522994,22.19765585,0,0,0,22.95992667,23.20586092,23.75153322,25.39494177,22.25951186,0,0,25.27035897,21.34611749,0,0,0,26.98019858,0,29.80816851,19.99198193,23.70395276,23.41402596,26.68004282,28.96087158,0,23.49830412,25.45265992,25.59472247,0,21.85716604,0,21.46977804,0,21.93223565,23.67857382,26.41029131,23.89734396,22.5196566,21.46177492,21.49275167,23.35676445,0,22.61349993,19.41224657,22.83807359,23.27473244,22.74870145,18.91405062,0,24.46488622,0,22.10728502,0,0,20.82701293,0,24.39261041,20.1831773,24.59173939,21.42171351,25.15508251,22.82783302,0,21.80921709,22.77116453,24.18271258,0,23.40474101,0,21.27388364,23.63527208,21.42382338,21.80141198,0,18.98117354,0,19.40918304,0,21.2198346,0,0,25.68050998,25.86214938,0
OA.4,AZS_C2,0,24.29405977,22.55000792,29.14705553,23.81097806,16.43545663,19.480789,18.57913301,20.16425411,20.12906696,0,23.79800784,19.5028552,0,20.56880115,0,0,0,18.10771568,0,20.62415227,19.92316191,0,0,23.19258312,0,0,0,24.95380016,0,0,0,20.27682904,0,0,0,0,0,0,21.93815953,0,0,22.46840033,0,0,22.97290964,22.08276526,25.20972251,0,21.78850947,0,0,23.27581593,24.98270157,26.74753677,0,23.02015135,0,0,0,0,0,0,0,0,0,0,0,21.00856523,0,23.2449168,22.97190335,0,0,0,0,22.33949719,0,0,0,0,0,0,0,25.3378454,22.91067441,21.66442578,0,0,25.29316246,21.9093513,0,0,0,24.58964218,27.2137142,0,0,0,0,24.8758739,0,0,0,24.7927138,22.96487718,25.89466024,26.56255649,0,0,0,0,20.46434327,21.38333814,22.52472129,24.18454765,0,20.71425109,0,23.93528284,0,0,0,22.48588185,25.43833955,0,28.39963161,0,22.6777202,0,25.88391084,28.27915742,25.16725196,0,21.23908254,24.26106456,0,0,0,0,0,0,0,26.53928309,0,19.88331277,0,0,21.69878712,23.13875642,22.24213177,0,22.11681797,21.53552344,0,22.90691589,0,23.83740532,0,0,0,0,20.42000767,0,0,0,0,0,21.17314061,22.28799915,0,20.79523165,0,21.83761519,0,23.27370456,0,0,22.99407453,0,0,0,0,0,17.9408292,0,0,0,0,24.39079536,23.81418144,0
OA.5,AZS_C2,19.97616668,25.8354682,24.98612624,30.38197526,23.36128736,17.51623139,19.78131521,20.57147303,21.12834609,21.29710319,24.89229635,24.44442035,20.90884092,20.9658536,19.55787058,20.93470086,0,21.52438152,20.52600504,19.78860217,22.50146979,0,0,19.93740848,24.61189728,0,0,19.82041627,26.89901776,0,0,0,19.46683264,0,24.85111251,0,0,0,0,23.2439213,0,22.14166731,24.33457468,0,0,22.8290832,0,25.64473309,0,22.68299897,0,23.25692985,23.34054759,24.89481474,27.25083261,22.14321096,23.77355947,22.74800845,0,0,0,0,0,25.79542203,0,0,22.17814956,21.52707396,22.04931812,0,23.46197235,0,0,0,0,0,0,0,0,0,20.45731319,0,0,0,0,21.16790112,0,0,0,25.3755279,0,24.62344026,0,0,0,27.6986787,0,0,22.8264292,0,25.78146755,22.16929929,0,22.87591811,25.94453861,23.35802988,25.64017527,25.37996655,0,0,0,0,0,23.41358618,22.24400453,23.88578321,0,0,0,24.40908411,0,0,0,0,25.94958037,0,28.81336406,21.34572857,24.03747552,0,25.38009949,28.28449839,0,18.57949279,0,24.50439027,0,0,0,0,0,0,0,24.55112933,0,22.43320766,0,0,0,24.16863045,0,0,21.40507848,22.92590096,0,24.77697552,0,23.4674485,0,22.51117563,0,18.74247608,22.42417411,0,0,0,0,21.72243696,25.61952844,23.44117836,0,20.04387263,23.38242963,22.35345917,20.00663338,24.11383054,0,0,24.32124746,0,0,0,0,20.61293032,0,0,0,0,0,25.07571222,24.58637204,0
OA.6,AZS_C2,0,0,20.78955221,26.43142128,22.71003825,0,17.46222114,17.81523453,19.6295436,20.46541336,22.65078783,22.0173037,0,0,0,0,0,0,19.62992677,0,20.59802654,0,0,0,21.66336806,0,0,0,25.01626242,0,0,0,0,0,0,0,0,0,0,0,0,0,0,0,0,22.12150568,0,24.13549446,0,22.75861433,0,21.30556538,23.74744714,23.9514445,24.98313533,0,0,0,0,0,0,22.22651138,0,0,0,0,18.61343834,0,20.5396343,0,0,0,0,0,0,0,17.84241281,19.54810979,0,0,0,19.43536258,22.10817603,0,0,0,0,0,0,22.60841244,0,0,0,0,0,26.36692082,0,0,0,0,24.03586886,0,0,23.13912806,0,23.76066993,23.45837555,23.87047695,0,0,21.22604155,0,0,0,0,19.77590524,0,0,0,22.81599411,0,24.34066083,0,0,24.27235289,0,27.16243307,0,22.90942605,0,24.24667583,26.4843658,26.37515408,0,22.07037442,22.76741026,0,0,0,0,0,24.02432057,24.67457482,23.52234417,0,0,19.81741401,0,0,21.97425023,0,0,24.49910048,0,0,0,0,20.25244476,0,0,0,0,0,0,0,0,0,21.15563384,0,0,0,0,0,0,0,22.19681893,0,0,22.90840879,0,0,0,0,0,18.73276203,0,20.50705246,0,0,23.01955873,24.11387134,0
OA.7,AZS_C2,0,24.8789793,23.62419082,27.31441684,20.77912848,0,18.67704328,19.1402547,19.59203791,19.33122797,0,18.44175714,20.06156896,19.68192839,21.48939902,20.1854978,0,21.71293354,18.26905008,18.92134069,21.34891161,20.19125992,0,0,24.77082713,0,0,20.95673695,25.44934778,0,0,0,0,0,0,0,24.36853309,0,0,22.23066986,0,0,22.45829894,0,0,22.34002952,0,25.23655275,0,22.51174322,0,22.13206328,22.38473617,25.31804636,26.7099235,20.70165686,22.7529871,0,23.36924473,0,0,0,0,21.46171808,0,0,21.18935488,21.52665388,22.2525474,0,23.03318697,23.41559742,0,0,0,19.64170836,20.22229178,19.33323468,22.14272676,23.28781624,20.32596747,19.78791055,0,0,24.85105207,0,0,22.30640636,25.97700893,25.20232909,0,0,22.08827015,0,25.59384273,27.4780669,0,0,0,0,25.15884295,0,22.94703307,22.99633546,25.95822737,24.03051385,24.43242187,25.88749344,0,22.11079187,0,23.31917424,0,22.81516651,21.89702876,23.56092096,0,20.70736678,0,23.79527304,19.07005378,0,0,22.7689761,25.03733326,0,23.51227632,21.13819454,22.58186137,23.77384352,25.04645905,27.14763258,0,20.22327548,24.89080146,25.22506069,0,0,0,0,22.66995119,0,21.80611798,25.31857686,21.40743725,22.21222578,21.78641435,0,21.7301602,23.25884978,22.42678211,0,22.02113161,20.52829629,0,24.31704261,0,23.69832856,0,22.02748463,0,0,19.31128122,0,24.32770909,0,0,21.64706698,25.01058708,22.69275154,0,0,21.72373386,21.92412725,0,22.92843671,0,0,23.28806202,0,0,0,0,20.39986091,19.37298365,0,21.41650438,22.39163133,26.69647145,25.38286595,24.81304173,0
OA.8,AZS_C2,0,23.83602275,22.94636994,28.84036192,0,0,18.76763715,18.28809747,19.89730971,19.67859923,0,22.89219729,19.76225699,19.57224295,20.97571427,20.27517787,18.34888056,0,19.93563845,19.67705742,22.31275243,21.67432093,0,18.88705468,24.06592224,0,0,21.30676274,25.72397385,0,0,18.00933585,0,0,0,0,20.92655887,0,0,0,21.5511962,21.23738182,0,0,0,24.38382481,24.70070551,27.00906017,0,22.79268784,21.35979495,0,23.30231826,27.84454919,27.89808918,0,25.14897847,0,22.47624332,0,0,21.91784196,22.85896985,25.06993311,20.26813676,0,0,0,21.38314418,21.22750443,0,0,0,0,0,0,22.85003629,0,0,0,21.8906727,0,0,0,0,0,0,0,24.44157976,24.63022539,0,0,0,0,26.3232745,27.55474011,0,0,0,0,23.10509809,0,0,0,0,23.99525271,25.72361448,26.17430018,20.46888853,0,23.09544401,0,0,20.43878497,22.88724704,0,0,0,0,24.95701489,0,0,0,25.93136214,27.46963466,0,29.56471038,21.79079137,23.29527984,0,27.60183338,28.01026058,0,23.29695955,25.91645425,24.23802948,24.03240378,21.28150875,0,0,0,20.42537443,23.48761106,25.32503563,22.08366374,0,0,0,22.67693685,21.90915987,21.26000374,0,21.57099528,21.48904901,23.17865233,22.6849265,0,25.65099741,19.61798683,20.8077149,0,0,22.54853075,0,22.12701498,23.52644741,22.85902613,0,24.22647669,21.76704303,23.16027205,0,21.46901644,20.62976012,0,23.25198979,0,21.16614066,22.07361103,21.64525888,0,0,0,0,0,0,0,0,25.83385867,24.6723436,25.32018193,23.49367273
OA.9,AZS_C2,19.85084643,26.24375781,23.31477695,29.25789778,25.58052202,19.63693864,21.13256056,21.70644119,21.99998565,20.67670496,24.12410352,25.10091964,21.34731787,21.78364644,23.07758173,21.60903383,0,0,20.29996893,0,22.00551229,0,0,0,23.53018621,0,0,20.73770082,26.06759874,0,0,0,0,0,0,0,23.52332382,22.11179965,0,23.4577037,0,0,21.66947414,0,0,22.45189381,0,24.58532264,0,22.71974971,0,23.07053239,22.2972661,24.6207395,26.34728068,22.35162066,22.32024801,22.62591123,22.52644298,21.54708782,20.12280481,0,0,24.32398709,0,0,22.14775534,0,22.71508002,0,0,20.10127189,0,0,0,20.33863624,0,0,22.51248793,21.28895987,0,0,0,0,0,21.90218106,0,0,22.94706962,24.47265192,21.50810061,0,0,0,0,27.3427089,0,0,0,0,24.95046122,0,23.75659708,23.70541464,25.89954309,23.8418898,24.3064562,25.84864654,0,23.9755788,23.47799141,23.58807304,23.18994457,24.49369219,22.02708654,23.16431824,0,21.44834487,0,23.84230447,0,0,0,0,24.92120773,0,28.30742736,21.76202228,24.0470926,0,24.07103843,27.16567655,0,20.85570899,23.23219781,24.75512413,0,0,0,22.7642446,0,0,0,24.96165778,0,0,0,0,22.91819771,24.32241618,23.39349987,0,26.15280881,25.08437141,0,27.01450132,0,24.57802722,0,22.55096095,0,20.23261778,23.80624607,0,23.8237776,23.86765078,0,21.29201342,21.92492787,23.20523686,0,21.00518023,19.85903969,24.87690974,0,23.01760107,0,0,22.94431526,0,0,0,0,0,0,0,21.02493411,0,25.30865643,24.1939033,23.77037421,0
OA.10,AZS_C2,20.20238892,25.14787514,23.20026101,27.81148677,21.61498155,16.92685932,18.95465979,18.58149355,19.72520907,17.88245415,0,22.1607179,20.05119356,19.56142115,21.41521009,19.59269437,0,0,20.0108946,19.58659992,21.92712936,0,0,20.01448546,24.57304908,0,0,21.84813049,26.57956889,0,0,0,0,0,0,0,0,0,0,23.7288484,0,0,23.8196046,0,0,21.13766908,0,23.86685679,0,22.70696103,0,21.7820151,22.00471532,24.3660666,25.7716161,0,23.64327094,23.22521904,0,22.23997595,22.27593533,0,0,0,0,0,22.15460336,0,23.21598509,0,23.09780679,23.9997429,0,0,0,0,0,20.64372165,0,0,0,20.75495477,20.03175071,0,26.54473018,24.52462299,0,0,26.11858027,24.61254935,0,0,0,0,0,26.14595752,0,0,23.4545383,0,24.99486045,21.75410731,0,0,24.01712513,23.64180415,24.80865465,25.73152412,0,22.22556579,0,23.26837151,23.54539435,23.08433895,0,22.02849261,0,0,21.62343772,23.24043567,0,0,0,0,23.87658749,0,27.32569253,0,0,0,22.31151436,26.8167439,25.60245217,20.87405881,23.75948232,24.84980997,0,0,0,0,0,0,0,23.27962334,0,22.57391187,21.38486693,0,0,23.5639845,23.16202942,0,26.3968317,25.96654005,0,27.63378733,0,23.53679828,0,22.07809916,0,0,19.73365699,0,0,23.06145872,0,23.51937536,25.30066592,22.68619651,0,0,23.07641686,24.5999309,0,23.46595152,0,0,22.31653922,0,0,0,0,0,18.85085905,0,20.79674539,0,25.72748965,24.32390263,23.77123324,0
HS.1,AZS_C1,21.26022483,23.62836899,0,25.2691318,0,0,0,0,0,0,0,22.02116675,0,0,20.17511776,0,0,0,18.48856743,0,21.67449905,0,19.29069186,0,24.71485859,0,20.88757431,21.71628837,26.03699999,20.46670206,22.27561204,0,21.55199162,0,0,0,0,20.25156747,0,0,0,20.92675306,0,21.31643644,0,20.45055376,0,24.80820889,0,20.74277128,0,20.66088125,21.1905476,25.96986267,27.93398344,0,25.86018882,20.17421812,0,0,0,0,20.01604444,25.9197041,0,0,0,0,0,0,23.7696492,24.06479299,0,0,0,0,0,0,0,0,0,0,0,0,26.45913276,0,21.9468512,0,0,25.49244999,0,23.81269307,0,0,0,26.584145,0,0,23.00437492,0,23.74312398,0,0,21.60352171,0,21.95851746,25.93573175,25.79763728,24.26483057,0,0,0,0,0,22.4028593,24.82613706,0,0,0,24.69896286,0,0,0,0,25.54507317,0,28.56920719,0,21.79463196,22.36140991,25.65018917,28.32390468,0,22.53043852,25.86755635,24.79598554,0,24.52862044,0,0,0,0,0,25.59154448,24.650642,22.47184584,0,0,0,19.26532895,0,0,0,0,0,21.93664664,0,22.98306043,0,20.79554392,0,0,0,22.76895069,0,0,0,0,21.79077467,23.1115583,0,0,0,22.3275165,21.47891224,23.1173014,0,21.06349506,23.43105924,0,22.01953557,23.44147324,19.98777551,0,19.73267933,0,20.9022643,0,0,25.96278747,24.30365236,0
HS.2,AZS_C1,20.6293592,22.86534216,21.84503988,24.59983128,20.87550363,0,0,16.83699006,0,0,0,18.00912293,0,18.05901002,0,0,18.1467209,0,18.76182239,0,21.82506052,0,0,19.16513415,23.93017146,0,19.63593006,20.56634371,25.51519793,0,0,0,21.05479736,0,0,21.89184939,0,20.06360801,0,24.78983958,0,21.06251882,25.08814005,19.28608903,0,21.76496112,0,25.43808876,0,22.46878502,0,0,21.88605173,25.92763065,27.99420464,21.87449912,25.85181831,22.01076984,23.02211165,0,0,0,20.66614796,25.92368723,21.65418871,24.2361362,22.81316924,0,23.51465043,0,22.15310204,23.17526164,0,0,0,0,0,0,0,0,21.90931252,0,0,0,0,23.79394209,21.97605772,22.06252279,0,25.15983982,22.12663878,24.6548489,0,21.11313608,0,26.82121249,0,0,24.20706995,0,23.92890216,0,24.47378004,0,25.47580597,23.39105285,25.46895298,26.84898276,23.16242952,0,0,0,23.13713426,25.49027152,21.94326829,24.32709204,0,0,0,24.52528103,19.64901257,0,28.88111275,0,25.9935813,0,28.96476142,21.58882357,23.17717181,0,26.07466061,28.34067032,0,21.5834919,26.04690362,25.06960334,0,23.17660039,0,22.98948682,0,0,0,25.91267915,20.95609401,0,22.91655828,0,0,25.01987062,23.76173299,0,24.85209831,25.40983825,21.2003575,27.16554958,0,23.5147397,18.28861025,0,0,0,21.11321208,0,0,0,0,22.48663745,21.4930607,27.90062493,0,0,23.13307799,24.68007401,21.80231459,23.59981207,21.65550441,0,23.6241197,0,0,22.97893919,19.03529362,20.9246479,19.97809648,0,0,21.10030913,0,25.90425099,24.63954181,0
HS.3,AZS_C1,20.18337311,22.21699068,0,28.49698704,0,0,0,17.38002212,18.57406827,19.22047266,21.84370655,21.90644216,0,19.70477517,0,0,0,0,18.64776764,0,21.65261115,0,0,0,0,19.15916206,20.0883568,0,25.18403644,0,22.2159247,19.48051432,20.36733729,0,0,0,0,21.85941366,0,0,0,0,0,20.79275153,0,0,0,23.7753881,25.47129823,0,0,0,23.87659135,24.95220931,27.0562325,21.7738302,24.99897187,0,22.25089915,0,0,23.38100357,0,24.19545097,0,0,0,0,0,0,0,0,0,0,0,0,19.21879103,0,0,0,0,0,0,0,0,0,0,0,0,23.8398126,0,0,0,0,0,26.19548053,0,0,22.4489662,0,22.19248015,0,0,24.30867762,22.89625195,23.84497855,24.36712851,25.31753958,21.88180035,0,22.70856387,0,0,0,22.13750095,24.10954934,0,0,0,23.23531247,0,0,0,0,24.9457671,0,28.16156113,0,0,0,25.26141325,27.43219281,24.04528743,20.54106273,24.94794472,22.90268814,0,22.92788064,0,0,23.36209781,25.59241363,23.21938017,25.4073657,24.21126359,0,0,0,0,0,0,0,0,0,0,0,0,22.6850764,0,0,0,0,0,0,0,0,0,0,0,0,0,0,0,0,0,23.19592046,0,0,21.87908531,0,0,0,20.47761901,20.56565722,0,0,0,0,0,24.79895077,23.59025786,0
HS.4,AZS_C1,20.24183761,24.265184,0,25.56741964,21.87077281,15.15294186,18.56776811,18.93803768,18.41254556,17.30516918,0,0,19.70610994,0,20.70912913,18.84773999,0,0,17.76737189,0,20.85138771,0,19.58582376,18.77090805,24.17099108,0,0,0,25.66315511,0,0,0,0,0,0,0,0,20.90095636,0,0,0,0,0,0,19.76671124,0,0,24.04619283,0,0,0,22.98830994,0,25.09508948,26.46610996,0,24.54355704,22.04320774,22.40222179,21.82547771,0,0,23.86624007,21.3902874,21.8912176,19.70941254,0,21.89671716,0,0,0,0,0,0,0,0,0,0,0,0,20.98043996,0,0,0,0,0,0,0,23.10483503,25.4500883,0,25.24825039,0,0,0,26.69249394,0,0,23.91765628,0,25.02561661,0,0,0,0,22.40705384,25.32898279,26.63119393,23.29163122,0,21.09161088,0,0,0,0,23.94483575,0,0,23.55944192,23.39396785,0,20.65999826,0,0,24.7086369,0,27.84706926,0,24.75255123,0,24.59029646,27.58010155,0,0,24.92816729,24.48114265,0,0,0,0,0,0,0,24.87313746,23.83863958,22.52176868,0,0,0,0,0,0,0,0,20.87762631,0,0,21.98132219,0,22.24457651,0,0,20.06629806,0,0,0,0,0,22.63897769,23.70521758,0,0,0,0,21.20483403,23.5008498,21.74364723,0,23.95113141,0,0,0,18.7037886,0,20.40489566,0,0,0,23.67698029,24.85041254,23.3902204,0
HS.5,AZS_C1,22.10928411,23.72309699,22.19463896,25.32142153,0,0,0,18.91628653,18.39793905,0,0,0,20.24538519,20.51872528,21.62731019,0,0,21.78966039,19.75584116,0,22.46292912,0,20.23706508,20.29067226,25.90478273,0,19.80593653,21.34305859,27.16187508,0,0,0,21.52584812,0,22.36297988,0,0,20.95513709,19.32378471,0,20.81029116,21.36433518,0,21.32911317,0,22.04368988,0,25.2658605,0,21.39692779,0,0,22.01752299,25.6816726,27.5855742,0,24.76996145,22.68547476,22.28030266,0,22.44138184,0,22.88725067,26.01753305,22.0179233,21.15432082,0,0,0,0,0,0,0,0,0,0,0,0,0,0,21.33062087,0,0,0,0,0,21.8931724,0,0,25.50781785,0,23.17097122,0,0,0,27.30246481,0,0,24.66765081,0,24.32260092,0,0,0,0,0,23.67086098,26.52633386,22.9948355,0,20.90191066,0,0,0,23.49564217,24.73796467,21.60463873,0,23.48586635,24.82034574,0,0,28.6786715,0,25.8523989,0,28.72348389,0,22.42119202,20.93327202,25.64384487,28.19863976,27.11926375,22.95154338,26.11385664,25.99533768,22.91598163,24.41207438,0,0,0,0,0,26.34517289,24.02938163,24.59156592,0,23.49284698,0,0,22.6490418,0,0,0,0,21.02374222,0,23.82975856,0,22.92357494,0,0,0,0,0,0,0,24.81280437,26.75557389,0,0,0,0,23.75814064,22.49000053,23.43288204,22.76612404,0,24.40739124,20.72529632,21.87365521,24.24703842,20.89328695,0,20.72063229,0,0,0,0,26.39191766,24.69424828,0
HS.6,AZS_C1,21.33149188,22.46287215,23.89675735,27.01901576,0,0,18.56593431,18.92994181,19.29767812,0,21.64855169,23.9062463,0,20.62737523,21.21002608,0,0,22.73775082,19.0810548,0,21.75289812,0,19.06045264,20.12900719,25.68242932,0,0,21.77160813,27.15984407,0,21.13021973,18.19680795,20.07847462,0,0,0,0,18.97972071,19.0998937,23.108203,0,0,22.80844817,0,0,0,0,24.62523744,0,22.14372244,0,0,0,25.50032252,27.11332065,21.25335742,25.56091785,22.89767979,22.12620669,0,0,0,0,26.46629981,21.86978824,0,0,22.57336295,21.28785035,0,24.38367316,25.00087982,0,0,0,0,0,0,0,24.75746915,0,0,22.31557971,21.87205081,23.27932648,0,21.86982806,0,0,25.29893237,0,22.7592829,0,0,0,27.33167092,0,0,23.49289987,0,24.21470778,0,0,22.60496779,26.0463248,22.71529528,25.10772092,26.38320308,23.13287626,0,0,0,0,22.11882239,22.38303318,24.62761213,0,19.74026218,22.52398528,24.3274749,0,0,0,0,25.25946362,0,28.2894596,20.50425875,0,0,24.06740266,27.82371399,0,0,25.37702173,24.77513247,0,24.22733542,0,20.41649151,0,0,0,25.80917075,23.71786131,23.53265139,0,20.94303453,0,0,22.83528273,0,25.76244345,24.63005923,0,25.84266,0,24.18744505,0,21.48446063,0,0,0,24.8495299,0,0,0,22.77997789,22.18044396,23.4100025,0,0,22.61841774,25.32084507,21.58474829,23.79195942,21.90127433,0,23.85384906,0,0,23.725136,19.25530789,0,19.54123792,0,0,0,0,25.56172872,23.37675135,0
HS.7,AZS_C1,20.62976423,23.04526713,22.41059531,25.83306409,0,0,17.39779684,0,0,0,0,17.85702948,0,0,0,0,0,0,0,0,20.21459581,0,0,21.91379757,21.30345788,0,0,0,25.06739826,0,22.07306012,18.76861859,21.3015058,0,26.41851406,0,20.74102841,19.75692053,0,21.60320682,0,22.95413112,21.51458067,19.2287785,0,0,0,24.90962482,0,21.84553268,0,0,0,26.2429739,27.83450472,0,26.444964,0,23.40887587,21.38198725,0,0,0,25.44342177,22.11261231,0,0,0,0,0,0,0,0,0,0,0,0,0,0,0,20.24441837,0,0,0,0,0,21.72543099,0,23.59101905,25.37408266,0,24.23490251,0,0,0,27.05985315,0,0,24.48475726,0,24.0615118,0,0,0,0,22.21638786,24.33674866,26.72481448,22.99819176,0,0,0,0,0,22.53627689,24.89458539,0,0,22.93117406,24.41647932,0,0,28.6633352,0,25.84611754,0,28.71843719,0,22.5072937,0,26.17274436,28.39328311,0,22.64478857,25.4255999,25.13761522,0,21.9933669,0,0,0,0,0,26.37168271,24.4468831,21.58651809,0,0,0,21.09072143,0,0,22.85352021,20.96699022,22.60248202,23.68116634,0,23.81360754,0,21.71125763,0,0,0,22.46224425,0,0,0,22.23275944,25.85991109,23.15045789,0,0,0,23.08231702,21.66082377,23.61966322,21.7350197,25.0895731,24.10818051,0,0,23.70009741,19.50878032,0,20.17574859,0,0,0,25.54868065,26.16431363,24.92486667,23.32616477
HS.8,AZS_C1,19.1246676,21.31827031,0,25.29930556,0,0,0,0,17.62601288,17.98380144,18.48952055,20.93274868,0,0,0,0,0,20.24992667,17.81153487,17.32371677,20.66251566,0,0,0,20.0317214,19.0283765,0,19.23256219,25.09035053,0,0,0,0,0,0,0,0,17.55250509,0,0,0,0,0,0,0,0,0,22.69681939,0,0,20.76832549,21.91069491,0,23.30044615,25.26418896,0,22.76965354,0,0,0,0,23.3666592,0,22.21080773,0,22.44270845,0,0,0,0,0,0,0,0,0,19.26396326,18.54282101,0,0,0,18.777401,0,0,0,0,0,0,0,0,22.73273079,0,0,0,0,0,25.20830326,0,0,0,0,22.5715942,0,0,21.75128232,23.65484322,23.24110028,20.12162178,24.61865842,0,0,0,0,0,0,0,21.22078413,0,0,0,21.91319639,0,0,0,0,23.16948015,0,26.29845858,0,0,0,21.65075754,25.95847074,24.33186655,0,22.33876073,21.28728712,0,20.50142849,0,0,24.36459153,23.64571704,23.69441437,23.55087959,19.85060642,0,0,0,0,0,0,0,0,0,0,0,0,20.9033147,0,0,0,0,0,20.82364636,0,0,0,0,0,0,0,0,0,0,0,21.35698204,20.90910596,0,22.58596257,0,0,0,0,19.03896021,18.54537575,0,0,0,0,23.26727151,22.68922641,0
HS.9,AZS_C1,20.72613873,23.32451566,0,23.59109189,0,0,0,0,0,0,18.08832803,0,0,0,19.28515687,0,0,20.65661682,0,0,20.56119084,0,18.93605908,0,24.09473103,0,0,20.6615765,25.84707566,0,0,0,20.06549127,0,19.79065367,24.07513979,0,18.74230817,0,0,0,0,0,0,0,0,0,25.15191835,0,22.06523748,0,0,21.59099108,25.72090934,27.15015205,21.19763071,24.56184683,23.47850561,0,0,0,0,0,25.23147853,21.66914014,0,0,21.84612792,0,0,0,0,0,0,0,0,0,0,0,0,0,0,0,0,0,0,0,0,24.27485624,25.41827871,0,0,21.88360746,0,23.40991373,27.62089747,0,0,24.09741882,0,24.01587654,0,0,0,0,0,25.80408474,26.72044718,21.87128458,0,21.17108366,0,0,0,22.80018048,24.73111546,0,0,22.67764539,23.8753631,0,0,0,20.99462076,25.31201641,0,28.39017182,20.51053913,0,0,25.68462312,27.59195136,0,22.71179363,25.38727778,24.80247002,20.52362641,23.90141764,22.03774379,20.60552296,0,0,0,26.29976898,22.71619584,21.16240074,0,0,0,0,20.72188236,0,22.44256252,0,0,0,0,22.75497214,0,0,0,0,0,22.1003841,0,0,0,0,0,0,0,0,0,23.41234982,0,22.44523478,21.92154113,21.3592049,24.07016468,20.60172322,0,23.31100302,0,0,19.68298891,0,0,0,25.70558895,25.97972176,24.78174367,23.65394854
HS.10,AZS_C1,20.90948105,23.10537186,20.8583789,25.96528903,20.97702276,0,0,0,0,0,0,0,0,0,19.75940628,0,0,0,0,0,20.60639439,0,0,0,23.10123745,0,19.49540181,20.03644342,25.3269477,0,0,0,21.15691463,19.87765866,0,0,0,18.48120245,19.39615683,0,0,20.99607201,0,19.13970604,0,21.46360174,0,25.45781886,0,0,0,0,21.94616056,26.14423075,27.87202327,0,24.97149735,0,22.8361294,21.98007314,0,0,0,25.50445626,21.99670428,0,0,22.07301578,0,0,0,0,0,0,0,0,0,0,0,0,21.00426791,0,0,0,0,0,22.2764941,0,0,25.6202603,0,0,0,0,23.25716759,27.68261881,0,0,22.96430432,0,21.97731907,0,0,23.14870736,0,0,26.2742333,27.5514361,0,0,21.50121188,0,0,0,23.99159693,25.44171637,21.82621083,0,22.13556544,24.34335468,0,0,28.73501869,21.4963084,25.6161257,0,28.63429784,20.57123298,21.89789535,0,26.03170095,28.55648464,25.33047407,22.23290915,25.53500289,24.61965601,21.43937271,22.42499547,0,0,0,0,21.18738623,26.9107097,23.48619647,21.4864598,0,21.66216852,0,0,0,0,19.53852037,0,22.63821814,21.61815855,0,24.63198975,0,20.60741327,0,0,0,21.71756663,0,0,21.67961141,0,24.78435634,22.01888667,0,0,0,24.22394716,0,22.41667246,0,21.77136371,22.85190339,21.14153493,0,0,19.23316955,21.30224306,18.86781659,0,20.90141809,0,0,26.05767772,25.02973283,24.18850736
MA.1,AZS_C1,20.12743258,23.92145194,23.19743532,26.67651014,23.05538901,0,0,17.57653303,18.87913804,16.55214942,0,22.89405206,20.00148506,0,0,0,0,0,20.28241982,20.69160967,23.06969623,0,20.35667003,0,25.05609547,0,20.27232139,0,26.21760243,21.52455981,22.95870296,20.03828996,22.2199231,0,0,24.42988276,24.43064252,0,20.28163005,0,23.02456507,23.68514784,0,22.83434936,0,0,0,25.84143509,0,23.0743645,24.61462552,0,23.59945622,27.50574754,29.29614122,22.75623024,26.00108489,23.67473905,0,0,22.83116886,0,23.53760727,25.70916659,21.71943695,0,0,21.88504517,0,22.03526556,0,0,0,0,0,0,0,0,0,0,22.6219138,0,0,0,0,0,0,0,0,25.04978379,0,0,23.03117775,21.86213211,0,27.73764797,0,0,22.33761316,0,24.32548179,23.52210083,22.78005143,23.14978779,0,24.41447846,25.87493604,27.95751208,24.02131724,0,22.88654128,0,0,0,25.3820619,26.80436126,23.61677965,0,0,25.18551223,0,0,29.60619938,0,26.68871581,0,29.6844615,22.69915418,0,21.37956692,27.81934186,29.68625358,0,21.78256758,25.58415921,25.27057247,21.70521528,21.74147402,0,22.11767143,0,20.9094236,23.19290654,27.32471684,24.69267081,0,0,21.78558692,0,0,0,0,0,0,23.13802485,0,0,25.12473193,19.28236384,0,19.72145628,20.18096346,23.08752773,23.01776936,22.51599214,0,24.57291214,0,21.58110515,22.50870093,0,0,0,22.37463355,19.89180057,24.09912409,0,21.61451767,22.59834273,22.18035491,22.75257413,23.42515057,19.59174648,20.66579143,19.37799375,22.16226291,0,0,0,24.77920472,23.81520406,23.10743851
MA.2,AZS_C1,0,22.44900349,0,28.32963207,22.42664105,0,0,0,0,0,0,0,18.64520964,0,0,0,0,0,0,0,22.20317248,0,21.19840522,0,24.41746695,0,21.98254703,20.64094926,25.70830109,21.69507013,23.6594902,20.45572905,22.7925725,21.63799451,23.0703779,25.07697814,23.42072488,0,20.45290857,0,23.31181499,22.86810301,0,24.50067573,0,23.86706052,0,26.63138152,0,22.68912484,0,0,24.92245042,27.94891202,29.99089566,22.61804658,25.54223132,23.60708556,0,21.30816609,0,0,22.79640714,24.43505905,21.61982896,21.72075755,0,22.07281092,0,23.79930466,0,0,0,0,0,0,0,0,23.63291521,0,22.50405885,0,0,0,0,0,0,22.66212861,0,25.4515874,21.91483153,0,23.2674883,21.5403556,0,27.59439831,0,0,21.17297635,22.20907956,24.29536113,23.20111006,21.68654199,24.15188846,0,24.51003526,27.26631474,28.30764842,22.28361855,0,0,0,0,0,25.19890488,26.72999115,23.62449357,0,0,25.65006366,20.05696318,0,27.92569401,0,27.24552819,0,30.1120128,21.90087987,0,22.42436242,28.13528694,29.64612121,0,22.08499738,25.43091195,25.93437703,20.59187012,0,21.64978309,21.45064839,0,21.08576709,23.34970161,27.9238705,22.81500965,0,0,21.79896794,0,0,0,19.63955718,0,0,24.80963667,0,0,25.97116966,0,0,0,19.71355497,23.07349475,0,0,0,26.1202746,0,20.45113372,21.55071003,24.12903588,0,0,25.33135772,0,23.52041296,0,21.86677102,21.71537299,22.74955334,23.11845399,22.48553464,20.36019919,22.09344965,0,0,22.4309782,28.74983632,0,25.65736524,23.9467659,23.37496176
MA.3,AZS_C1,0,0,0,25.63403418,20.85551756,0,0,0,0,0,20.42992911,0,0,0,0,0,0,0,0,0,21.99795702,0,20.88892848,0,25.23422896,0,20.57399614,21.37738187,26.2120503,21.64589614,23.42080578,19.9533842,22.06236496,21.56814736,20.72381542,0,23.72965205,0,20.62208349,0,23.8701543,24.20690302,0,22.76152222,0,23.21851665,0,26.14894014,0,21.22797126,24.02054869,0,23.71079319,27.97832733,30.01350602,23.27105547,26.52933002,23.82433095,0,0,0,0,23.33972824,25.4176024,21.90842934,0,0,22.19609299,0,23.41610451,0,0,0,0,0,0,0,0,22.99075286,0,21.65556926,0,0,0,0,0,22.38001405,0,0,25.46321365,22.35451146,0,0,21.84009168,0,27.5790175,0,0,22.14540794,22.21781044,23.38419824,22.63934544,22.52504239,21.75654365,0,24.17374257,27.28633344,28.11447075,0,0,23.07645412,0,0,0,25.33059818,27.03279825,24.37309388,0,20.39375051,25.33489248,0,0,26.33647556,0,26.78527213,0,29.7294641,0,0,20.97394451,27.87495459,29.79706979,0,21.28391092,24.28858055,24.85603926,20.81263575,22.87293553,0,0,0,0,22.98643931,28.3249271,25.04944656,0,0,22.11895738,0,0,0,0,0,0,23.94513983,0,0,25.40053924,0,0,0,19.14341961,20.62270112,0,0,0,23.11798156,0,0,20.99421551,24.01117072,0,0,0,0,23.72423997,0,21.4656816,21.20658001,22.67326525,23.45064706,22.71059958,19.8039436,22.52163251,0,22.68589898,18.94031588,0,0,25.83989389,24.2160109,23.32423249
MA.4,AZS_C1,0,24.44410522,22.08890277,27.70306349,22.75604172,0,21.00216171,21.63598626,22.86636107,22.53568418,25.58664981,22.18512841,0,20.72276602,0,0,0,0,21.28976088,19.94985852,23.05577175,0,20.61498913,0,23.65900468,0,21.49185489,0,24.65070763,0,21.88019683,20.56718171,0,21.62060081,23.63882994,25.1576143,26.50091382,22.88769306,20.69359213,0,23.24024937,23.66972966,0,0,0,23.62667838,0,26.92264657,0,23.28547945,22.14223943,0,24.63429664,27.72754288,29.78600108,23.36619606,24.12159305,0,21.01497569,21.45946399,21.73052136,0,27.04298408,26.65243866,0,20.59797547,0,21.15082601,0,0,0,0,0,0,0,0,0,0,0,0,21.36029248,0,0,0,0,0,22.09390145,22.16185885,0,25.12797962,20.22611508,0,17.86321765,20.15963932,0,26.80404794,0,0,20.014004,0,23.76849875,20.78624031,19.81820551,24.09326836,22.56227033,23.99093631,25.49433077,26.06154255,0,0,0,0,0,0,25.16684202,25.62322836,22.86326434,0,21.67554854,26.36372395,22.50033165,0,30.55592438,23.0180635,28.54662386,0,30.60988107,23.12494082,22.74193884,24.54197087,28.45420775,30.02593054,0,24.16206932,25.0650227,25.63371658,0,22.96566109,21.51375025,21.36322546,0,21.36067993,22.80980901,28.37080442,22.75085536,0,0,21.64929976,0,0,0,0,0,0,23.33858806,0,0,25.37477746,20.19869211,0,21.83248815,22.27386697,24.73549598,0,0,0,24.74959268,0,0,0,23.33858806,0,0,25.22275006,0,25.54416206,0,22.98451511,23.92146841,22.78023031,23.02436945,23.67619005,0,21.29407763,0,21.48843913,22.4858125,21.08607013,0,25.39906042,23.86165761,23.2415783
MA.5,AZS_C1,0,24.16070404,0,28.08003074,0,18.87143582,20.17880472,21.34022222,22.52055523,22.17644544,0,0,0,0,21.29517922,0,0,0,21.06303878,0,22.555766,0,0,0,23.38444374,0,0,0,25.01599008,0,0,20.30145969,0,21.33518172,22.00483252,24.35957716,0,0,20.3297488,0,22.78148495,23.23200437,0,0,0,23.90088314,0,26.63517807,0,25.95824345,20.19306246,0,22.02877252,27.19510996,29.00464034,22.91523555,24.41935264,20.29406061,0,22.43436875,21.50020286,0,24.05265415,23.47123072,20.50648568,20.57451827,0,19.64155223,0,23.38793747,0,0,0,0,0,21.98013674,0,22.00459206,19.96916585,0,0,0,0,0,0,0,21.92873124,24.70641656,0,24.53181426,19.95056725,0,20.82194418,0,0,26.14446814,0,0,19.68943803,19.86456923,23.15432677,20.15303076,0,23.58104842,0,23.17461638,25.68466599,26.02815704,0,0,0,0,0,0,24.88433752,26.14183993,22.75223487,0,22.17620388,25.5973643,21.52917353,0,0,0,27.96021066,0,29.98385859,23.06040211,23.0919103,24.88332488,27.92258711,29.68612692,25.64207667,23.2767289,25.35173511,25.38161409,23.32758781,21.49958344,22.67362268,0,0,21.40951985,23.45854258,27.62917946,23.95725868,0,0,21.69736794,0,0,22.69958479,21.59252833,0,0,21.89365103,0,0,21.62260207,0,0,20.76961528,21.856823,22.7007091,0,0,0,0,0,0,0,0,0,0,24.05423044,0,25.2657529,0,22.8231047,23.41455331,22.03392058,22.67676583,23.38478038,0,0,0,0,22.64907148,20.85785889,0,25.00240329,23.45083428,23.11646975
SCO.1,AZS_C1,19.35967794,0,0,25.55843751,0,0,0,0,18.61016044,18.66668486,22.61534648,0,0,0,0,0,0,0,20.73685141,0,22.3149164,23.1741887,0,0,23.42053171,0,21.83981272,0,23.84955966,0,0,0,0,0,0,0,0,0,0,22.85029697,0,0,21.33177308,0,0,0,23.27399663,24.21450853,26.24585966,0,0,23.72824622,23.53623122,24.78648056,26.13161527,0,22.14994716,0,0,0,0,23.05086632,0,22.7139878,0,0,22.358883,0,22.86032629,0,21.91883753,20.24587442,0,20.24042577,0,20.38476363,0,18.97570621,21.6838096,23.73715497,0,0,22.76564112,23.10269957,0,0,0,0,0,22.55760654,0,0,0,0,24.11596387,24.10927725,24.69961042,23.09610276,20.08906259,0,23.06504253,0,0,23.70037749,23.79501393,22.26377528,23.03256974,23.60669144,0,21.97134872,21.26542892,0,20.57826642,23.40392112,0,0,0,0,0,23.21165641,0,0,0,22.95111968,24.47639621,23.89345622,27.45687787,0,24.30189875,0,24.67502373,26.80987981,25.61642128,0,0,20.85691772,0,0,0,0,24.82257655,22.78969095,23.89371966,24.14584707,20.11242095,0,21.38742329,0,25.29819045,23.837539,21.27312435,20.81616682,24.43511122,21.65661433,0,24.0635401,0,23.15639182,0,0,0,0,0,18.56601522,23.03101072,24.85289458,0,21.84630369,0,0,0,0,0,21.57253433,0,22.66820551,0,0,0,0,0,0,0,0,20.53719027,0,20.05439491,0,0,24.08330221,23.74144888,0
SCO.2,AZS_C1,18.64892153,0,0,27.60408926,0,0,0,0,0,0,20.51302843,0,0,0,0,0,0,0,18.16480286,0,19.77094405,22.55372851,22.51585293,0,0,0,24.08503806,0,22.78316786,0,0,0,0,0,0,0,0,0,0,25.37497912,0,0,25.35448316,0,20.21503999,21.94901509,23.79065446,25.20702328,0,0,0,0,24.11952659,25.08147981,25.23816625,0,20.23103097,0,0,0,0,21.73773077,0,25.59999186,0,0,25.52860218,0,26.37445836,0,21.92592985,23.01627853,0,19.63435991,21.28146936,0,18.68521239,0,0,26.34565327,0,0,22.95677397,23.66659548,25.32348558,22.18727976,0,0,0,23.8965447,0,0,0,0,23.9945445,26.17697343,0,23.13956,0,0,24.23977556,0,0,21.8891106,26.7622879,22.4762987,22.8845097,24.37251836,0,25.47264259,21.94267841,21.71052733,24.10321215,27.27289922,0,0,0,22.57758741,0,22.89739189,0,24.27321838,0,23.4696535,21.15144178,24.20164788,26.42919492,20.03450363,24.70454962,24.78431475,25.80250277,27.53396955,26.1270573,0,0,22.36584242,0,0,0,0,25.09117968,23.17527665,23.99246424,25.2031687,19.86896896,0,25.83710266,0,26.1267925,26.87450477,25.9521152,22.39645585,26.86536366,26.13205761,0,27.56204101,27.0830813,0,0,21.13923866,0,0,0,0,0,24.32332911,0,24.58208582,0,22.40941076,0,22.33734395,25.57133076,25.12044185,0,21.51920528,0,0,0,0,0,0,0,0,20.25525632,0,0,0,0,23.89854662,23.71185144,0
SCO.3,AZS_C1,19.47963393,22.47543345,0,25.38890082,0,16.00508205,0,17.73891783,18.45153852,19.22685261,19.65088763,0,0,0,0,0,18.08610904,0,19.85469079,19.71257876,22.78410387,21.83468832,0,0,21.51262656,20.3123991,0,0,25.33948083,0,0,0,21.16749406,0,0,0,0,0,0,22.43457247,0,0,22.11594031,0,20.06398841,0,23.02244413,24.95867434,0,21.58480479,0,23.31077073,23.52245002,24.83809678,26.54439921,21.21421092,22.6542175,0,0,0,0,22.85567492,0,22.76999255,0,0,22.81376346,0,23.7636903,0,21.70740115,22.82838382,18.76415656,20.24963724,26.10169166,20.26586212,19.00877196,0,21.46054707,0,20.39459626,0,0,0,24.74743552,0,0,0,0,24.11601066,21.7732073,0,0,0,25.44700124,26.9147981,0,23.81847172,21.12863067,0,24.00359452,0,0,22.45076136,25.43867739,23.91797558,24.20516589,24.6608557,0,23.76236458,0,23.17855287,21.49193055,0,0,22.77305508,0,0,0,24.45834714,0,25.35109503,0,24.06189189,25.42864094,24.3516233,28.25848594,0,24.01472129,0,25.06172506,26.84085771,25.51162165,0,23.43157094,23.50739714,0,21.05857754,0,0,23.86901541,23.47537173,23.60795984,24.23912775,21.18169819,0,20.78690754,0,0,23.04171365,21.31400103,21.12489688,23.66935275,0,0,22.50740054,22.41606808,0,0,0,0,0,18.95930455,0,0,0,0,21.39683873,0,0,0,0,23.37718039,21.76297791,0,22.64934802,22.20174839,0,22.46166664,0,0,0,0,0,20.5310497,0,20.53926531,0,0,24.31230317,23.73831058,0
SCO.4,AZS_C1,20.08943344,0,0,26.21988759,0,0,0,0,18.79958749,19.27452404,20.0438109,0,0,0,0,0,17.66196593,0,20.11331079,18.0812774,22.09618597,23.33137775,0,0,0,0,0,0,25.22973793,0,0,0,0,0,0,0,0,0,0,23.07862075,0,0,0,0,0,0,23.47578367,24.82959689,0,21.08473299,0,22.12856204,24.37861341,25.91621296,27.69634545,20.58293677,22.23715236,0,0,0,0,24.65229211,22.59995793,0,0,0,22.86238864,0,23.69381187,0,0,22.65859446,19.83671311,20.20677751,0,21.70854102,19.30308156,0,22.13126053,24.10911162,0,0,23.37107471,22.87142657,25.66576498,0,0,0,26.02383707,22.98104542,0,0,0,0,23.94351441,25.40038138,0,22.81513511,0,0,23.91113347,0,0,22.2820404,24.82963362,23.00615455,24.67714193,24.50557192,0,24.69499831,23.53982684,23.18216122,22.80679289,23.99617042,0,23.42828628,0,21.15302089,0,23.44793292,0,0,0,23.45423895,24.85912024,24.35006111,28.05455336,21.89213304,22.67445071,0,25.46210888,28.09850634,25.67235018,0,0,21.44261118,0,20.63141654,0,0,23.94154574,25.24885925,23.4958398,24.20155038,0,0,22.87371901,0,23.92774573,23.81499712,24.43720383,0,24.0541452,24.10263504,0,23.11761983,0,21.37371197,0,21.58156316,0,0,0,0,0,0,0,22.64098319,0,0,0,0,0,23.84991876,0,22.9970562,0,23.91991851,22.37920674,20.97850153,0,0,0,0,19.26473128,0,0,0,26.23794158,23.7851433,22.96505454,0
SCO.5,AZS_C1,20.15368275,0,0,27.20345081,0,0,16.5036894,17.76107537,17.85988077,18.01162005,19.47387639,0,18.77053224,0,0,0,0,0,18.98804685,19.46590319,22.1095635,0,21.51256702,0,0,0,22.76758761,19.89375036,24.83067157,0,0,0,0,0,0,0,0,18.04611194,0,24.82282354,0,0,23.87767465,0,21.22026089,0,0,25.35570039,27.32562284,21.95984579,23.57555119,0,22.45841283,25.49683106,26.50775376,0,20.06135707,21.04788343,0,19.66397088,0,0,19.60950997,26.15007353,0,0,25.38186054,0,26.02780071,0,22.10167532,23.06841918,19.01130151,20.24806746,0,21.78069536,22.17581833,18.77082692,22.57093305,25.85672806,22.23945633,0,22.04282081,23.29898318,25.42263533,21.00748931,0,0,0,23.50080472,0,0,0,0,0,26.55814369,25.25962884,0,0,0,23.16854061,0,22.40514478,23.6697335,25.66599923,21.71754738,24.12230113,24.45857602,0,22.77162371,22.47852704,23.28532604,21.13444043,26.95414624,21.47843782,23.65146969,0,24.26157481,0,23.92177136,0,23.70653842,0,0,25.27409061,0,27.99415296,21.76612896,23.93745891,24.12002183,25.670728,27.89756902,27.1677841,0,24.53926205,24.61378088,0,22.05246489,0,0,20.9510435,20.11638996,0,25.45845807,0,22.08047094,25.7442057,0,21.91063722,26.71633101,26.16223893,21.48885541,0,26.85351018,0,28.6651488,23.92096193,23.5481659,20.22446539,0,0,0,0,0,0,0,0,23.04386249,0,0,0,21.20516867,25.39533424,25.51268377,0,23.19993915,0,0,0,0,0,22.34496088,0,0,20.59644028,0,21.31783699,0,0,24.63511743,25.66767188,0
SCO.6,AZS_C1,21.44682835,23.28738754,23.13258852,28.97002895,23.0649936,0,18.0676496,19.496359,20.27743927,20.63747755,23.69896284,20.42945629,0,0,0,0,19.05191136,21.52439692,20.97647923,21.58819645,23.26584691,0,20.99250626,0,0,20.14483834,20.61996844,0,26.22198888,0,20.78190477,0,21.82335755,0,0,0,0,0,0,23.49406315,0,0,23.17574754,0,20.17991862,0,0,24.46565411,26.61949142,22.44069544,23.94922232,21.8800808,22.30913675,25.02412457,26.99297707,22.48412358,22.57884408,22.55412733,0,0,22.67266187,0,0,23.94137731,0,0,23.58320832,21.43219451,24.34023788,0,22.71435895,23.96729265,20.93641812,21.50024139,20.68671734,22.6753209,21.0542145,18.8952786,23.02243664,25.17784919,21.63530715,0,23.98388293,20.83277808,0,0,0,0,0,23.90117325,21.98942836,0,0,0,0,26.85713739,26.69501731,0,23.22094787,0,24.65894513,22.21433161,0,24.54492114,25.79965508,23.34933762,24.70387913,25.63631086,0,0,22.99161124,20.97369644,0,25.27067292,0,0,0,21.82695433,0,24.29742539,0,22.82690516,0,0,25.7659866,0,28.63500106,22.55878214,22.9459322,0,25.26973579,27.76267331,25.58177762,0,0,0,0,21.14751175,0,0,0,0,0,25.73967206,0,0,21.89104695,0,0,0,24.46157377,0,24.59171155,25.47049969,0,26.54831468,22.24213383,23.94251236,21.32583946,21.37639275,0,0,21.7801668,0,22.53415182,20.61649993,0,23.01616508,0,0,0,0,22.79494602,24.30469759,0,23.92475501,21.76103086,0,21.38841113,0,0,0,0,0,20.2446007,0,21.52023133,0,0,24.23047399,23.83704119,0
SCO.7,AZS_C1,0,0,0,25.59813175,0,0,0,0,17.27881591,17.5365327,20.60423999,0,0,0,0,0,0,0,19.46766357,18.84566542,21.62113023,22.22423225,0,0,0,19.53448796,21.01988767,0,24.76463238,0,0,19.39810345,21.15696466,0,0,0,0,0,0,21.57126503,0,0,21.30830265,22.17206052,0,22.36410917,23.44282515,24.94039655,26.6193191,20.95770202,22.13647028,0,24.54985485,26.12613629,27.40423561,0,22.72520393,0,23.20226476,0,0,24.22487114,0,23.28293643,0,0,21.84450707,0,22.44410254,0,0,0,0,0,0,0,19.49729975,0,20.70044772,0,0,0,0,0,0,0,0,0,0,23.15318572,0,0,0,0,25.14422903,26.50737118,25.95676466,23.76911912,0,0,22.892583,0,0,0,21.02645094,24.25189665,24.36028474,24.78309867,0,22.25634805,22.8245593,21.25521185,20.74856691,0,0,22.54443249,0,0,0,23.00439997,0,0,0,24.38140843,22.34510292,24.49963191,21.75542793,19.54130843,0,25.20123279,24.98122719,28.10416178,24.63786862,0,21.11756025,0,19.67725778,20.52959905,0,0,0,25.07271367,22.52639504,25.41121782,20.53605617,0,21.13350533,0,0,23.04644986,0,0,23.33990736,22.13199223,0,21.56232647,22.10503726,23.27041014,0,0,0,0,0,0,0,23.86070243,0,0,0,0,0,0,0,21.10716382,0,22.41940655,0,0,19.62017907,21.17390661,0,0,0,0,18.62741622,0,0,0,0,24.29631543,23.53585575,0
SCO.8,AZS_C1,19.63519749,0,0,27.00363523,0,0,0,0,0,0,18.68662321,0,0,0,0,0,0,0,19.68693721,18.42834358,22.35321775,22.79832317,0,0,22.5964209,0,0,0,24.83965127,0,0,0,0,0,0,0,0,0,0,22.83486801,0,0,23.45209992,0,19.86087147,0,22.62130337,24.09841679,26.75037065,21.52620122,22.90287866,0,23.66239136,24.48225714,26.97730066,20.84085909,22.99299588,0,0,0,0,22.52384019,0,22.62071618,0,0,22.75039049,0,23.70461303,0,0,0,19.25341267,19.96693937,21.65961344,19.77059802,0,19.58739248,21.7354638,0,0,0,23.45825686,0,0,0,0,0,0,24.06381183,0,0,0,0,24.09808193,26.13394685,26.3814484,0,21.47878851,0,24.1493642,0,0,22.66517468,25.61607921,23.15709149,23.31990422,24.78174371,0,23.50195545,23.12507196,23.55111375,21.98109768,23.19986645,0,22.64568347,0,22.55141654,0,23.93097297,0,0,0,23.55376558,24.88100976,0,28.03063758,0,22.67861642,0,25.14043619,27.57432987,26.90639335,19.53116415,22.9523334,23.444782,0,20.25019577,0,0,23.97657837,23.51469649,23.57927778,25.36910947,20.89329341,0,22.58111502,0,24.19057986,24.62716027,24.93188611,0,24.85994424,24.13055943,0,0,23.77431454,21.02523813,0,0,0,0,0,0,0,23.81468112,0,22.33825452,0,0,0,0,22.57017853,0,0,22.25226899,21.51424142,0,24.23541092,0,21.33798319,0,0,0,20.45557614,0,21.09370558,0,0,24.36658776,23.75760774,0
SCO.9,AZS_C1,19.87860548,20.58776149,0,27.04293174,0,0,0,0,17.67228168,18.24719461,21.61846628,21.90578066,0,0,0,0,17.5310145,21.96952542,19.9403975,19.47014066,22.89750799,0,0,0,24.03634647,19.23850846,0,0,24.97810608,0,0,0,20.22698218,0,0,0,0,19.0854007,0,22.01987803,0,0,22.5673849,0,0,0,0,24.93191228,0,21.6761749,23.83706382,22.90002917,22.02579072,24.67921958,26.44206821,20.65400935,23.7827336,0,0,0,0,22.53949083,20.32850616,25.92479869,0,0,20.30034698,19.8527405,23.0650622,0,21.20397429,22.30658833,18.52267869,19.14068345,22.43891158,21.03565232,18.6769845,19.02553245,22.52289937,23.55573283,21.37054305,18.63253208,22.00215029,0,25.0296021,21.68280552,0,0,0,23.99136437,22.1844523,0,0,0,0,26.34069822,0,23.16824859,20.43069922,0,24.93659045,20.18805649,0,22.57277926,24.79878853,22.89038704,23.39451991,24.56572668,0,22.76383252,21.9897049,22.14513664,21.39336818,23.30597816,0,23.24875004,0,20.60759727,0,23.71853987,0,24.20858262,0,0,24.96083098,24.26294695,28.06524626,0,23.48650035,0,25.27321128,27.75782568,25.98052537,19.94153413,23.16806696,23.42516827,0,21.52298096,0,0,24.32666324,23.62618257,23.60814272,24.71853232,21.79188561,22.05589895,21.84788549,0,24.61120313,23.82305321,22.87373259,21.44515771,23.97594642,22.65788636,0,24.91176068,0,22.88579321,18.69843592,21.35744618,0,0,20.10592201,0,0,24.06510366,0,0,0,0,0,0,22.59208037,22.49115944,0,22.55746362,24.57343465,0,21.56750023,0,0,0,0,20.31918315,20.28537599,0,20.74988156,0,0,24.92382643,24.11581455,0
SCO.10,AZS_C1,21.27711959,0,20.15086119,28.28771401,0,0,17.67064541,0,18.81254678,19.17238536,22.83078522,0,20.10223599,19.68874853,0,19.34479289,19.03481806,21.03810407,20.62886783,20.8208347,23.59517829,0,21.46735172,19.39286431,22.09222455,19.36368836,26.63576958,21.18395603,26.45182348,0,0,0,20.80169294,0,0,0,0,0,19.80435372,23.51862256,0,0,22.6726172,0,20.97518298,0,0,25.65407166,27.56168647,0,23.72779972,0,22.48362284,25.32390772,27.39384,22.61025661,24.15069648,22.10133312,0,0,0,0,21.04713486,24.57976037,0,0,22.55115592,0,23.47589309,0,22.95073113,23.95200877,0,21.1764259,23.54071235,21.98521863,19.95656463,20.70125457,23.5365139,24.90509151,22.866685,20.11103635,23.62096013,24.03130544,26.64791939,0,0,0,0,24.48052461,21.65798933,0,0,0,0,26.81517929,26.53962729,0,21.25387064,0,25.36389524,0,0,21.54944834,24.49961673,0,24.86389175,25.14391546,0,22.42065135,20.88528263,0,20.80658461,23.149589,21.12456811,0,0,21.63284031,0,25.31411212,20.22998098,24.67697917,0,0,26.49934869,0,29.50369491,21.88957708,21.40011408,0,25.55441724,27.89948165,28.23363272,0,23.19530198,23.38488701,0,22.55033299,0,0,0,0,0,25.386299,0,0,22.64543351,0,0,24.11007631,24.23902619,22.00101928,24.12386298,22.61737,0,26.12072022,0,24.16977841,21.770352,21.55010636,0,0,21.74554726,0,23.29365408,20.91274022,0,23.96106222,21.40648244,0,0,0,20.40074029,24.21894745,0,22.97083932,21.49272804,0,24.43429324,0,0,21.3859975,0,0,21.35329973,0,21.3924514,0,0,24.92074429,23.79092834,0
